model,accuracy,f1_score,precision,recall,adaptation_count,adaptation_time_sec,total_drifts_detected,detection_delay_mean,detection_rate,caught_drifts,total_true_drifts,false_alarms,total_detected
Static (No Adapt),0.5459782608695652,0.5463699808875829,0.6690307760274896,0.5459782608695652,0,0.027936005000810837,0,,0.0,0,2,0,0
Full Retraining (ADWIN) (ADWIN),0.7456521739130435,0.7523485620687109,0.7951221137411743,0.7456521739130435,2,0.06775289100187365,2,39.0,0.5,1,2,1,2
Full Retraining (DDM) (DDM),0.7447826086956522,0.7514953545316048,0.7964158070818906,0.7447826086956522,5,0.1276425069954712,5,14.0,0.5,1,2,4,5
Proposed Selective Adapt (ADWIN) (ADWIN),0.5619565217391305,0.5666423006550023,0.6672380610643439,0.5619565217391305,1,0.03933707900068839,1,39.0,0.5,1,2,0,1
Proposed Selective Adapt (DDM) (DDM),0.49771739130434783,0.48344376780281406,0.6568034967394992,0.49771739130434783,2,0.05019864999849233,2,110.0,0.5,1,2,1,2
Proposed Selective Adapt (EDDM) (EDDM),0.643695652173913,0.6500798523799127,0.7388562456715744,0.643695652173913,17,0.21285665500181494,17,24.0,0.5,1,2,16,17
Proposed Selective Adapt (Page-Hinkley) (Page-Hinkley),0.7647826086956522,0.76014585165544,0.759095482062005,0.7647826086956522,3,0.061257771998498356,3,58.0,1.0,2,2,1,3
Boosted ARF-DWM Forest [DDM],0.8804347826086957,0.87746763202442,0.8810914863254068,0.8804347826086957,78,0.16571447800379246,72,61.0,1.0,2,2,70,72
Self-Healing Dual-Memory Meta-Ensemble,0.6003260869565218,0.6090540393278435,0.678779420136528,0.6003260869565218,41,0.06011758799650124,41,253.5,1.0,2,2,39,41
